D-Plant2_0610_3.jpg,单B
D-Plant2_0610_30.jpg,单C
D-Plant2_0610_300.jpg,单B
D-Plant2_0610_301.jpg,单B
D-Plant2_0610_302.jpg,单B
D-Plant2_0610_306.jpg,单B
D-Plant2_0610_307.jpg,单B
D-Plant2_0610_309.jpg,单B
D-Plant2_0610_31.jpg,单C
D-Plant2_0610_310.jpg,单B
D-Plant2_0610_315.jpg,单B
D-Plant2_0610_316.jpg,单C
D-Plant2_0610_317.jpg,单B
D-Plant2_0610_32.jpg,单C
D-Plant2_0610_320.jpg,单B
D-Plant2_0610_321.jpg,单B
D-Plant2_0610_324.jpg,单B
D-Plant2_0610_325.jpg,单B
D-Plant2_0610_326.jpg,单B
D-Plant2_0610_327.jpg,单B
D-Plant2_0610_329.jpg,单B
D-Plant2_0610_333.jpg,单B
D-Plant2_0610_334.jpg,单C
D-Plant2_0610_335.jpg,单B
D-Plant2_0610_336.jpg,单C
D-Plant2_0610_338.jpg,单B
D-Plant2_0610_34.jpg,单C
D-Plant2_0610_342.jpg,单B
D-Plant2_0610_343.jpg,单C
D-Plant2_0610_35.jpg,单C
D-Plant2_0610_350.jpg,单B
D-Plant2_0610_351.jpg,单C
D-Plant2_0610_352.jpg,单C
D-Plant2_0610_358.jpg,单B
D-Plant2_0610_359.jpg,单B
D-Plant2_0610_36.jpg,单C
D-Plant2_0610_361.jpg,单B
D-Plant2_0610_363.jpg,单B
D-Plant2_0610_365.jpg,单B
D-Plant2_0610_367.jpg,单C
D-Plant2_0610_37.jpg,单C
D-Plant2_0610_372.jpg,单B
D-Plant2_0610_375.jpg,单B
D-Plant2_0610_39.jpg,单C
D-Plant2_0610_4.jpg,单C
D-Plant2_0610_405.jpg,单B
D-Plant2_0610_413.jpg,单C
D-Plant2_0610_418.jpg,单C
D-Plant2_0610_428.jpg,单B
D-Plant2_0610_429.jpg,单B
D-Plant2_0610_43.jpg,单C
D-Plant2_0610_438.jpg,单B
D-Plant2_0610_44.jpg,单B
D-Plant2_0610_62.jpg,单C
D-Plant2_0610_63.jpg,单C
D-Plant2_0610_64.jpg,单C
D-Plant2_0610_65.jpg,单C
D-Plant2_0610_66.jpg,单C
D-Plant2_0610_67.jpg,单C
D-Plant2_0610_69.jpg,单C
D-Plant2_0610_7.jpg,单B
D-Plant2_0610_70.jpg,单B
D-Plant2_0610_71.jpg,单C
D-Plant2_0610_72.jpg,单C
D-Plant2_0610_74.jpg,单B
D-Plant2_0610_76.jpg,单C
D-Plant2_0610_77.jpg,单C
D-Plant2_0610_78.jpg,单C
D-Plant2_0610_79.jpg,单C
D-Plant2_0610_80.jpg,单C
D-Plant2_0610_81.jpg,单C
D-Plant2_0610_82.jpg,单C
D-Plant2_0610_83.jpg,单C
D-Plant2_0610_85.jpg,单C
D-Plant2_0610_87.jpg,单C
D-Plant2_0610_88.jpg,单C
G-Plant2_0616_83.jpg,单A
G-Plant2_0616_84.jpg,单A
G-Plant2_0616_85.jpg,单A
G-Plant2_0616_86.jpg,单A
G-Plant2_0616_87.jpg,单A
G-Plant2_0616_88.jpg,单A
G-Plant2_0616_89.jpg,单A
G-Plant2_0616_9.jpg,单A
G-Plant2_0616_90.jpg,单A
G-Plant2_0616_91.jpg,单B
G-Plant2_0616_92.jpg,单A
G-Plant2_0616_93.jpg,单A
G-Plant2_0616_94.jpg,单A
G-Plant2_0616_95.jpg,单B
G-Plant2_0616_96.jpg,单A
G-Plant2_0616_97.jpg,单A
G-Plant2_0616_98.jpg,单A
G-Plant2_0616_99.jpg,单A
